{
  "Targets": [],
  "Joints": [
    {
      "green": 98,
      "q_w": 1,
      "q_y": 0,
      "q_x": 0,
      "q_z": 0,
      "reference": "",
      "red": 78,
      "blue": 249,
      "name": "J0",
      "x": -44.21827697753906,
      "y": 1.2854766850978194E-7,
      "z": 4.478405952453613,
      "radius": 1
    },
    {
      "green": 60,
      "q_w": 1,
      "q_y": 0,
      "q_x": 0,
      "q_z": 0,
      "reference": "J0",
      "red": 76,
      "blue": 109,
      "name": "J1",
      "x": 19.39365577697754,
      "y": -3.687244714001281E-7,
      "z": -0.5098450779914856,
      "radius": 1
    },
    {
      "green": 15,
      "q_w": 1,
      "q_y": 0,
      "q_x": 0,
      "q_z": 0,
      "reference": "J1",
      "red": 108,
      "blue": 2,
      "name": "J2",
      "x": 17.106416702270508,
      "y": -3.458259527633345E-7,
      "z": -0.1043073982000351,
      "radius": 1
    },
    {
      "green": 159,
      "q_w": 1,
      "q_y": 0,
      "q_x": 0,
      "q_z": 0,
      "reference": "J2",
      "red": 90,
      "blue": 106,
      "name": "J3",
      "x": 4.902447700500488,
      "y": 4.524409007444774E-7,
      "z": -9.283358573913574,
      "radius": 1
    },
    {
      "green": 206,
      "q_w": 1,
      "q_y": 0,
      "q_x": 0,
      "q_z": 0,
      "reference": "J3",
      "red": 10,
      "blue": 93,
      "name": "J4",
      "x": 3.755066394805908,
      "y": 4.13881281247086E-7,
      "z": -8.240281105041504,
      "radius": 1
    },
    {
      "green": 65,
      "q_w": 1,
      "q_y": 0,
      "q_x": 0,
      "q_z": 0,
      "reference": "J4",
      "red": 111,
      "blue": 135,
      "name": "J5",
      "x": 6.362751483917236,
      "y": 3.104786969743145E-7,
      "z": -7.405825138092041,
      "radius": 1
    },
    {
      "green": 90,
      "q_w": 1,
      "q_y": 0,
      "q_x": 0,
      "q_z": 0,
      "reference": "J5",
      "red": 230,
      "blue": 117,
      "name": "J6",
      "x": 6.154129981994629,
      "y": 2.256379616483173E-8,
      "z": -2.5033838748931885,
      "radius": 1
    },
    {
      "green": 209,
      "q_w": 1,
      "q_y": 0,
      "q_x": 0,
      "q_z": 0,
      "reference": "J2",
      "red": 240,
      "blue": 228,
      "name": "J7",
      "x": 19.922712326049805,
      "y": 1.433299132713728E-7,
      "z": -9.283358573913574,
      "radius": 1
    },
    {
      "green": 32,
      "q_w": 1,
      "q_y": 0,
      "q_x": 0,
      "q_z": 0,
      "reference": "J7",
      "red": 144,
      "blue": 247,
      "name": "J8",
      "x": 14.915958404541016,
      "y": -2.0127211541876022E-7,
      "z": -1.77322256565094,
      "radius": 1
    },
    {
      "green": 54,
      "q_w": 1,
      "q_y": 0,
      "q_x": 0,
      "q_z": 0,
      "reference": "J8",
      "red": 254,
      "blue": 164,
      "name": "J9",
      "x": 13.559961318969727,
      "y": -2.10669270472863E-7,
      "z": -1.1473814249038696,
      "radius": 1
    },
    {
      "green": 219,
      "q_w": 1,
      "q_y": 0,
      "q_x": 0,
      "q_z": 0,
      "reference": "J2",
      "red": 132,
      "blue": 130,
      "name": "J10",
      "x": 18.358102798461914,
      "y": -3.7780236539219914E-7,
      "z": -3.26105414644607E-14,
      "radius": 1
    },
    {
      "green": 157,
      "q_w": 1,
      "q_y": 0,
      "q_x": 0,
      "q_z": 0,
      "reference": "J10",
      "red": 67,
      "blue": 52,
      "name": "J11",
      "x": 17.836559295654297,
      "y": -3.732863831373834E-7,
      "z": 0.1043073982000351,
      "radius": 1
    },
    {
      "green": 28,
      "q_w": 1,
      "q_y": 0,
      "q_x": 0,
      "q_z": 0,
      "reference": "J11",
      "red": 4,
      "blue": 83,
      "name": "J12",
      "x": 16.167654037475586,
      "y": -3.513754052164586E-7,
      "z": 0.3129221796989441,
      "radius": 1
    },
    {
      "green": 166,
      "q_w": 1,
      "q_y": 0,
      "q_x": 0,
      "q_z": 0,
      "reference": "J2",
      "red": 231,
      "blue": 72,
      "name": "J13",
      "x": 16.37626075744629,
      "y": -7.535695658589248E-7,
      "z": 6.988595485687256,
      "radius": 1
    },
    {
      "green": 43,
      "q_w": 1,
      "q_y": 0,
      "q_x": 0,
      "q_z": 0,
      "reference": "J13",
      "red": 126,
      "blue": 120,
      "name": "J14",
      "x": 15.95903205871582,
      "y": -4.900778094452107E-7,
      "z": 2.7119922637939453,
      "radius": 1
    },
    {
      "green": 201,
      "q_w": 1,
      "q_y": 0,
      "q_x": 0,
      "q_z": 0,
      "reference": "J14",
      "red": 146,
      "blue": 233,
      "name": "J15",
      "x": 16.37626075744629,
      "y": -3.8675449332004064E-7,
      "z": 0.8344591856002808,
      "radius": 1
    },
    {
      "green": 135,
      "q_w": 1,
      "q_y": 0,
      "q_x": 0,
      "q_z": 0,
      "reference": "J2",
      "red": 27,
      "blue": 233,
      "name": "J16",
      "x": 14.49872875213623,
      "y": -1.1563522548385663E-6,
      "z": 14.394420623779297,
      "radius": 1
    },
    {
      "green": 160,
      "q_w": 1,
      "q_y": 0,
      "q_x": 0,
      "q_z": 0,
      "reference": "J16",
      "red": 230,
      "blue": 192,
      "name": "J17",
      "x": 13.455648422241211,
      "y": -4.7586237883479043E-7,
      "z": 3.337836742401123,
      "radius": 1
    },
    {
      "green": 205,
      "q_w": 1,
      "q_y": 0,
      "q_x": 0,
      "q_z": 0,
      "reference": "J17",
      "red": 18,
      "blue": 249,
      "name": "J18",
      "x": 9.909215927124023,
      "y": -3.7800941754539963E-7,
      "z": 2.920607089996338,
      "radius": 1
    }
  ]
}