[
  {
    "reference": "reference",
    "name": "j1",
    "x": -1.789481132163928E-7,
    "q_w": 1,
    "y": -1.2377514839172363,
    "z": -1.5709928274154663,
    "q_y": 0,
    "q_x": 0,
    "radius": 1,
    "picking": -0.009999999776482582,
    "q_z": 0
  },
  {
    "reference": "j1",
    "name": "j2",
    "x": 0,
    "q_w": 1,
    "y": 0,
    "z": 0,
    "q_y": 0,
    "q_x": 0,
    "radius": 1,
    "picking": -0.009999999776482582,
    "q_z": 0
  },
  {
    "reference": "j2",
    "name": "j3",
    "x": 6.425498213502578E-7,
    "q_w": 1,
    "y": 1.2980551719665527,
    "z": 5.463368892669678,
    "q_y": 0,
    "q_x": 0,
    "radius": 1,
    "picking": -0.009999999776482582,
    "q_z": 0
  },
  {
    "reference": "j3",
    "name": "j4",
    "x": 6.510302341666829E-7,
    "q_w": 1,
    "y": 0.23802761733531952,
    "z": 5.47467565536499,
    "q_y": 0,
    "q_x": 0,
    "radius": 1,
    "picking": -0.009999999776482582,
    "q_z": 0
  },
  {
    "reference": "j1",
    "name": "j5",
    "x": 0,
    "q_w": 1,
    "y": 0,
    "z": 0,
    "q_y": 0,
    "q_x": 0,
    "radius": 1,
    "picking": -0.009999999776482582,
    "q_z": 0
  },
  {
    "reference": "j5",
    "name": "j6",
    "x": -4.7003800318634603E-7,
    "q_w": 1,
    "y": -2.0343544483184814,
    "z": -4.057797431945801,
    "q_y": 0,
    "q_x": 0,
    "radius": 1,
    "picking": -0.009999999776482582,
    "q_z": 0
  },
  {
    "reference": "j6",
    "name": "j7",
    "x": -4.5386977376438153E-7,
    "q_w": 1,
    "y": -4.236917018890381,
    "z": -4.0464959144592285,
    "q_y": 0,
    "q_x": 0,
    "radius": 1,
    "picking": -0.009999999776482582,
    "q_z": 0
  },
  {
    "reference": "j1",
    "name": "j8",
    "x": 0,
    "q_w": 1,
    "y": 0,
    "z": 0,
    "q_y": 0,
    "q_x": 0,
    "radius": 1,
    "picking": -0.009999999776482582,
    "q_z": 0
  },
  {
    "reference": "j8",
    "name": "j9",
    "x": -6.223472723831946E-7,
    "q_w": 1,
    "y": 1.2028419971466064,
    "z": -5.152731418609619,
    "q_y": 0,
    "q_x": 0,
    "radius": 1,
    "picking": -0.009999999776482582,
    "q_z": 0
  },
  {
    "reference": "j9",
    "name": "j10",
    "x": -7.298398259081296E-7,
    "q_w": 1,
    "y": -0.33323925733566284,
    "z": -6.141151428222656,
    "q_y": 0,
    "q_x": 0,
    "radius": 1,
    "picking": -0.009999999776482582,
    "q_z": 0
  },
  {
    "reference": "j10",
    "name": "j11",
    "x": -6.554235483235971E-7,
    "q_w": 1,
    "y": -0.42845380306243896,
    "z": -5.522276401519775,
    "q_y": 0,
    "q_x": 0,
    "radius": 1,
    "picking": -0.009999999776482582,
    "q_z": 0
  },
  {
    "reference": "j1",
    "name": "j12",
    "x": 0,
    "q_w": 1,
    "y": 0,
    "z": 0,
    "q_y": 0,
    "q_x": 0,
    "radius": 1,
    "picking": -0.009999999776482582,
    "q_z": 0
  },
  {
    "reference": "j12",
    "name": "j13",
    "x": -5.269002914428711,
    "q_w": 1,
    "y": 3.248286008834839,
    "z": -1.3883740901947021,
    "q_y": 0,
    "q_x": 0,
    "radius": 1,
    "picking": -0.009999999776482582,
    "q_z": 0
  },
  {
    "reference": "j13",
    "name": "j14",
    "x": -12.13330078125,
    "q_w": 1,
    "y": 5.350116729736328,
    "z": 0.6687608957290649,
    "q_y": 0,
    "q_x": 0,
    "radius": 1,
    "picking": -0.009999999776482582,
    "q_z": 0
  },
  {
    "reference": "j14",
    "name": "j15",
    "x": -19.10755157470703,
    "q_w": 1,
    "y": 5.445653915405273,
    "z": 2.4839859008789062,
    "q_y": 0,
    "q_x": 0,
    "radius": 1,
    "picking": -0.009999999776482582,
    "q_z": 0
  },
  {
    "reference": "j1",
    "name": "j16",
    "x": 0,
    "q_w": 1,
    "y": 0,
    "z": 0,
    "q_y": 0,
    "q_x": 0,
    "radius": 1,
    "picking": -0.009999999776482582,
    "q_z": 0
  },
  {
    "reference": "j16",
    "name": "j17",
    "x": 8.20183277130127,
    "q_w": 1,
    "y": 3.917050838470459,
    "z": -1.866063117980957,
    "q_y": 0,
    "q_x": 0,
    "radius": 1,
    "picking": -0.009999999776482582,
    "q_z": 0
  },
  {
    "reference": "j17",
    "name": "j18",
    "x": 11.94222640991211,
    "q_w": 1,
    "y": 5.541193008422852,
    "z": 1.8152180910110474,
    "q_y": 0,
    "q_x": 0,
    "radius": 1,
    "picking": -0.009999999776482582,
    "q_z": 0
  },
  {
    "reference": "j18",
    "name": "j19",
    "x": 13.184210777282715,
    "q_w": 1,
    "y": 3.8215134143829346,
    "z": 2.3884451389312744,
    "q_y": 0,
    "q_x": 0,
    "radius": 1,
    "picking": -0.009999999776482582,
    "q_z": 0
  }
]