{
  "Targets": [],
  "Joints": [
    {
      "green": 131,
      "q_w": 1,
      "q_y": 0,
      "q_x": 0,
      "q_z": 0,
      "reference": "",
      "red": 39,
      "blue": 113,
      "name": "J0",
      "x": -9.444928145967424E-4,
      "y": -0.8648728728294373,
      "z": -5.539591312408447,
      "radius": 0.9999998807907104
    },
    {
      "green": 220,
      "q_w": 1,
      "q_y": 0,
      "q_x": 0,
      "q_z": 0,
      "reference": "J0",
      "red": 145,
      "blue": 70,
      "name": "J1",
      "x": 0.13499917089939117,
      "y": 0.3043453097343445,
      "z": -5.451030254364014,
      "radius": 0.9999998807907104
    },
    {
      "green": 237,
      "q_w": 1,
      "q_y": 0,
      "q_x": 0,
      "q_z": 0,
      "reference": "J1",
      "red": 137,
      "blue": 33,
      "name": "J2",
      "x": 0.14468993246555328,
      "y": -0.15114086866378784,
      "z": -5.8423261642456055,
      "radius": 0.9999998807907104
    },
    {
      "green": 128,
      "q_w": 1,
      "q_y": 0,
      "q_x": 0,
      "q_z": 0,
      "reference": "J0",
      "red": 60,
      "blue": 184,
      "name": "J3",
      "x": 6.38089431959088E-7,
      "y": 0.266478568315506,
      "z": 5.3021135330200195,
      "radius": 0.9999998807907104
    },
    {
      "green": 128,
      "q_w": 1,
      "q_y": 0,
      "q_x": 0,
      "q_z": 0,
      "reference": "J3",
      "red": 129,
      "blue": 227,
      "name": "J4",
      "x": 5.83894745886937E-7,
      "y": 0.6002371907234192,
      "z": 5.08425760269165,
      "radius": 0.9999998807907104
    },
    {
      "green": 204,
      "q_w": 1,
      "q_y": 0,
      "q_x": 0,
      "q_z": 0,
      "reference": "J4",
      "red": 80,
      "blue": 207,
      "name": "J5",
      "x": 5.903013970964821E-7,
      "y": 0.05470684915781021,
      "z": 4.941425800323486,
      "radius": 0.9999998807907104
    },
    {
      "green": 194,
      "q_w": 1,
      "q_y": 0,
      "q_x": 0,
      "q_z": 0,
      "reference": "J3",
      "red": 212,
      "blue": 149,
      "name": "J8",
      "x": -6.625426292419434,
      "y": 2.786006212234497,
      "z": -1.165852427482605,
      "radius": 0.9999998807907104
    },
    {
      "green": 77,
      "q_w": 1,
      "q_y": 0,
      "q_x": 0,
      "q_z": 0,
      "reference": "J8",
      "red": 118,
      "blue": 158,
      "name": "J9",
      "x": -10.055017471313477,
      "y": 5.039116859436035,
      "z": 0.5145207643508911,
      "radius": 0.9999998807907104
    },
    {
      "green": 68,
      "q_w": 1,
      "q_y": 0,
      "q_x": 0,
      "q_z": 0,
      "reference": "J9",
      "red": 230,
      "blue": 44,
      "name": "J10",
      "x": -16.116268157958984,
      "y": 5.230189800262451,
      "z": 0.544990062713623,
      "radius": 0.9999998807907104
    },
    {
      "green": 35,
      "q_w": 1,
      "q_y": 0,
      "q_x": 0,
      "q_z": 0,
      "reference": "J3",
      "red": 239,
      "blue": 82,
      "name": "J11",
      "x": 7.634376525878906,
      "y": 3.2468700408935547,
      "z": -1.181572437286377,
      "radius": 0.9999998807907104
    },
    {
      "green": 121,
      "q_w": 1,
      "q_y": 0,
      "q_x": 0,
      "q_z": 0,
      "reference": "J11",
      "red": 107,
      "blue": 19,
      "name": "J12",
      "x": 13.865642547607422,
      "y": 6.3900299072265625,
      "z": -0.44475966691970825,
      "radius": 0.9999998807907104
    },
    {
      "green": 250,
      "q_w": 1,
      "q_y": 0,
      "q_x": 0,
      "q_z": 0,
      "reference": "J12",
      "red": 38,
      "blue": 234,
      "name": "J13",
      "x": 17.830934524536133,
      "y": 4.678500652313232,
      "z": 1.0805898904800415,
      "radius": 0.9999998807907104
    },
    {
      "green": 127,
      "q_w": 1,
      "q_y": 0,
      "q_x": 0,
      "q_z": 0,
      "reference": "J0",
      "red": 187,
      "blue": 91,
      "name": "J6",
      "x": -1.4924168567631568E-7,
      "y": -3.920056104660034,
      "z": -1.4948625564575195,
      "radius": 0.9999998807907104
    },
    {
      "green": 253,
      "q_w": 1,
      "q_y": 0,
      "q_x": 0,
      "q_z": 0,
      "reference": "J6",
      "red": 231,
      "blue": 247,
      "name": "J7",
      "x": -5.265843014967686E-7,
      "y": -3.2704648971557617,
      "z": -3.1779916286468506,
      "radius": 0.9999998807907104
    }
  ]
}