{
  "Targets": [],
  "Joints": [
    {
      "green": 185,
      "q_w": 1,
      "q_y": 0,
      "q_x": 0,
      "q_z": 0,
      "reference": "",
      "red": 49,
      "blue": 174,
      "name": "J0",
      "x": 0.05513455346226692,
      "y": 12.2595853805542,
      "z": 1.856603049077421E-8,
      "constraint": {"type": "none"},
      "radius": 0.3340423107147217
    },
    {
      "green": 53,
      "q_w": 1,
      "q_y": 0,
      "q_x": 0,
      "q_z": 0,
      "reference": "J0",
      "red": 147,
      "blue": 79,
      "name": "J1",
      "x": 0.20123404264450073,
      "y": 7.117699146270752,
      "z": 4.8754539960782495E-8,
      "constraint": {"type": "none"},
      "radius": 0.3340423107147217
    },
    {
      "green": 65,
      "q_w": 1,
      "q_y": 0,
      "q_x": 0,
      "q_z": 0,
      "reference": "J1",
      "red": 10,
      "blue": 108,
      "name": "J8",
      "x": -6.8000102043151855,
      "y": 2.8923051357269287,
      "z": 0.03816970810294151,
      "constraint": {"type": "none"},
      "radius": 0.3340423107147217
    },
    {
      "green": 117,
      "q_w": 1,
      "q_y": 0,
      "q_x": 0,
      "q_z": 0,
      "reference": "J8",
      "red": 14,
      "blue": 239,
      "name": "J9",
      "x": -2.836451292037964,
      "y": -1.5270916223526,
      "z": 0.025107963010668755,
      "constraint": {"type": "none"},
      "radius": 0.3340423107147217
    },
    {
      "green": 176,
      "q_w": 1,
      "q_y": 0,
      "q_x": 0,
      "q_z": 0,
      "reference": "J9",
      "red": 148,
      "blue": 175,
      "name": "J10",
      "x": -3.2031447887420654,
      "y": -4.595997333526611,
      "z": 0.028353892266750336,
      "constraint": {"type": "none"},
      "radius": 0.3340423107147217
    },
    {
      "green": 136,
      "q_w": 1,
      "q_y": 0,
      "q_x": 0,
      "q_z": 0,
      "reference": "J10",
      "red": 21,
      "blue": 194,
      "name": "J11",
      "x": -1.6247844696044922,
      "y": -10.491872787475586,
      "z": 0.014382420107722282,
      "constraint": {"type": "none"},
      "radius": 0.3340423107147217
    },
    {
      "green": 230,
      "q_w": 1,
      "q_y": 0,
      "q_x": 0,
      "q_z": 0,
      "reference": "J1",
      "red": 182,
      "blue": 103,
      "name": "J12",
      "x": 6.0975165367126465,
      "y": 2.8285229206085205,
      "z": -0.051165591925382614,
      "constraint": {"type": "none"},
      "radius": 0.3340423107147217
    },
    {
      "green": 43,
      "q_w": 1,
      "q_y": 0,
      "q_x": 0,
      "q_z": 0,
      "reference": "J12",
      "red": 140,
      "blue": 34,
      "name": "J13",
      "x": 3.8530590534210205,
      "y": -1.764120101928711,
      "z": -0.034106865525245667,
      "constraint": {"type": "none"},
      "radius": 0.3340423107147217
    },
    {
      "green": 93,
      "q_w": 1,
      "q_y": 0,
      "q_x": 0,
      "q_z": 0,
      "reference": "J13",
      "red": 235,
      "blue": 189,
      "name": "J14",
      "x": 3.3888354301452637,
      "y": -5.431633472442627,
      "z": -0.029997605830430984,
      "constraint": {"type": "none"},
      "radius": 0.3340423107147217
    },
    {
      "green": 200,
      "q_w": 1,
      "q_y": 0,
      "q_x": 0,
      "q_z": 0,
      "reference": "J14",
      "red": 221,
      "blue": 179,
      "name": "J15",
      "x": 1.206985354423523,
      "y": -9.516965866088867,
      "z": -0.010684102773666382,
      "constraint": {"type": "none"},
      "radius": 0.3340423107147217
    },
    {
      "green": 239,
      "q_w": 1,
      "q_y": 0,
      "q_x": 0,
      "q_z": 0,
      "reference": "J1",
      "red": 8,
      "blue": 133,
      "name": "J16",
      "x": 0.020064305514097214,
      "y": 4.634243011474609,
      "z": 2.107522487640381,
      "constraint": {"type": "none"},
      "radius": 0.3340423107147217
    },
    {
      "green": 127,
      "q_w": 1,
      "q_y": 0,
      "q_x": 0,
      "q_z": 0,
      "reference": "J16",
      "red": 62,
      "blue": 205,
      "name": "J17",
      "x": 0.021899627521634102,
      "y": 1.6979954242706299,
      "z": 1.3429276943206787,
      "constraint": {"type": "none"},
      "radius": 0.3340423107147217
    },
    {
      "green": 204,
      "q_w": 1,
      "q_y": 0,
      "q_x": 0,
      "q_z": 0,
      "reference": "J0",
      "red": 91,
      "blue": 71,
      "name": "J2",
      "x": 3.919146776199341,
      "y": -0.9564778804779053,
      "z": -0.03469186648726463,
      "constraint": {"type": "none"},
      "radius": 0.3340423107147217
    },
    {
      "green": 65,
      "q_w": 1,
      "q_y": 0,
      "q_x": 0,
      "q_z": 0,
      "reference": "J2",
      "red": 175,
      "blue": 53,
      "name": "J3",
      "x": 1.5319406986236572,
      "y": -4.410299301147461,
      "z": -0.013560572639107704,
      "constraint": {"type": "none"},
      "radius": 0.3340423107147217
    },
    {
      "green": 252,
      "q_w": 1,
      "q_y": 0,
      "q_x": 0,
      "q_z": 0,
      "reference": "J3",
      "red": 245,
      "blue": 35,
      "name": "J4",
      "x": 0.4642212986946106,
      "y": -5.617330551147461,
      "z": -0.004109235480427742,
      "constraint": {"type": "none"},
      "radius": 0.3340423107147217
    },
    {
      "green": 1,
      "q_w": 1,
      "q_y": 0,
      "q_x": 0,
      "q_z": 0,
      "reference": "J0",
      "red": 177,
      "blue": 118,
      "name": "J5",
      "x": -3.1834802627563477,
      "y": -0.7243569493293762,
      "z": 0.028179824352264404,
      "constraint": {"type": "none"},
      "radius": 0.3340423107147217
    },
    {
      "green": 6,
      "q_w": 1,
      "q_y": 0,
      "q_x": 0,
      "q_z": 0,
      "reference": "J5",
      "red": 142,
      "blue": 4,
      "name": "J6",
      "x": -2.3211185932159424,
      "y": -4.317452430725098,
      "z": 0.020546291023492813,
      "constraint": {"type": "none"},
      "radius": 0.3340423107147217
    },
    {
      "green": 219,
      "q_w": 1,
      "q_y": 0,
      "q_x": 0,
      "q_z": 0,
      "reference": "J6",
      "red": 129,
      "blue": 51,
      "name": "J7",
      "x": -0.2785356640815735,
      "y": -5.988724231719971,
      "z": 0.002465569181367755,
      "constraint": {"type": "none"},
      "radius": 0.3340423107147217
    }
  ]
}