{
  "Targets": [],
  "Joints": [
    {
      "green": 200,
      "q_w": 1,
      "q_y": 0,
      "q_x": 0,
      "q_z": 0,
      "reference": "",
      "red": 82,
      "blue": 235,
      "name": "J0",
      "x": -48.63888168334961,
      "y": 0.022653304040431976,
      "z": 4.664907455444336,
      "constraint": {
        "rest_x": 0.5069140791893005,
        "rest_w": 0.49345481395721436,
        "rest_z": 0.4929890036582947,
        "rest_y": 0.5064607262611389,
        "max": 3.1415927410125732,
        "reference_w": 1,
        "right": 0.9609824419021606,
        "type": "ball_socket",
        "reference_x": 0,
        "reference_y": 0,
        "down": 0.9693936705589294,
        "reference_z": 0,
        "min": 3.1415927410125732,
        "left": 0.9946274161338806,
        "up": 0.9946274161338806
      },
      "radius": 1
    },
    {
      "green": 199,
      "q_w": 1,
      "q_y": 0,
      "q_x": 0,
      "q_z": 0,
      "reference": "J0",
      "red": 176,
      "blue": 85,
      "name": "J1",
      "x": 46.013916015625,
      "y": -0.04231787845492363,
      "z": -1.2395225763320923,
      "constraint": {
        "rest_x": -0.05476552993059158,
        "rest_w": 0.701556921005249,
        "rest_z": 0.05423395708203316,
        "rest_y": 0.7084330916404724,
        "max": 3.1415927410125732,
        "reference_w": 1,
        "right": 0.5235987901687622,
        "type": "ball_socket",
        "reference_x": 0,
        "reference_y": 0,
        "down": 0.5235987901687622,
        "reference_z": 0,
        "min": 3.1415927410125732,
        "left": 0.5235987901687622,
        "up": 0.5235987901687622
      },
      "radius": 1
    },
    {
      "green": 226,
      "q_w": 0.9999995827674866,
      "q_y": 1.1205681221326813E-4,
      "q_x": -9.432733058929443E-4,
      "q_z": 1.5583632921334356E-4,
      "reference": "J1",
      "red": 0,
      "blue": 23,
      "name": "J2",
      "x": 1.6394091844558716,
      "y": 0.04761301353573799,
      "z": -12.497478485107422,
      "constraint": {
        "rest_x": 0.6820264458656311,
        "rest_w": 0.2507224977016449,
        "rest_z": 0.1884758472442627,
        "rest_y": 0.6606475114822388,
        "max": 3.1415927410125732,
        "reference_w": 0.9999995827674866,
        "right": 0.7002345323562622,
        "type": "ball_socket",
        "reference_x": -9.432733058929443E-4,
        "reference_y": 1.1205681221326813E-4,
        "down": 0.7002345323562622,
        "reference_z": 1.5583632921334356E-4,
        "min": 3.1415927410125732,
        "left": 0.7002345323562622,
        "up": 0.7086457014083862
      },
      "radius": 1
    },
    {
      "green": 94,
      "q_w": 1,
      "q_y": 0,
      "q_x": 0,
      "q_z": 0,
      "reference": "J2",
      "red": 42,
      "blue": 148,
      "name": "J3",
      "x": 8.144241333007812,
      "y": -1.3056182861328125,
      "z": -11.120580673217773,
      "constraint": {
        "rest_x": -0.17788000404834747,
        "rest_w": 0.6997538208961487,
        "rest_z": -0.6661772727966309,
        "rest_y": 0.18684549629688263,
        "min": 1.6696282625198364,
        "max": 0.0872664600610733,
        "reference_w": 1,
        "type": "hinge",
        "reference_x": 0,
        "reference_y": 0,
        "reference_z": 0
      },
      "radius": 1
    },
    {
      "green": 111,
      "q_w": 1,
      "q_y": 0,
      "q_x": 0,
      "q_z": 0,
      "reference": "J3",
      "red": 36,
      "blue": 139,
      "name": "J4",
      "x": 7.365746974945068,
      "y": 0.41797488927841187,
      "z": -4.235527992248535,
      "constraint": {"type": "none"},
      "radius": 1
    },
    {
      "green": 129,
      "q_w": 1,
      "q_y": 0,
      "q_x": 0,
      "q_z": 0,
      "reference": "J1",
      "red": 50,
      "blue": 82,
      "name": "J5",
      "x": 14.55866527557373,
      "y": 4.249329566955566,
      "z": -9.5371732711792,
      "constraint": {
        "rest_x": 0.5441492795944214,
        "rest_w": 0.48962658643722534,
        "rest_z": 0.4515548646450043,
        "rest_y": 0.5101624727249146,
        "max": 3.1415927410125732,
        "reference_w": 1,
        "right": 0.6918232440948486,
        "type": "ball_socket",
        "reference_x": 0,
        "reference_y": 0,
        "down": 0.6918232440948486,
        "reference_z": 0,
        "min": 3.1415927410125732,
        "left": 0.6834120750427246,
        "up": 0.717056930065155
      },
      "radius": 1
    },
    {
      "green": 19,
      "q_w": 1,
      "q_y": 0,
      "q_x": 0,
      "q_z": 0,
      "reference": "J5",
      "red": 80,
      "blue": 180,
      "name": "J9",
      "x": 12.43702507019043,
      "y": -0.9051907062530518,
      "z": -1.4147298336029053,
      "constraint": {
        "rest_x": -0.03704388439655304,
        "rest_w": 0.6809492707252502,
        "rest_z": -0.7305775880813599,
        "rest_y": 0.0345274843275547,
        "min": 1.6696282625198364,
        "max": 0.0872664600610733,
        "reference_w": 1,
        "type": "hinge",
        "reference_x": 0,
        "reference_y": 0,
        "reference_z": 0
      },
      "radius": 1
    },
    {
      "green": 38,
      "q_w": 1,
      "q_y": 0,
      "q_x": 0,
      "q_z": 0,
      "reference": "J9",
      "red": 130,
      "blue": 119,
      "name": "J10",
      "x": 9.47851276397705,
      "y": -0.6707808971405029,
      "z": -0.963692307472229,
      "constraint": {
        "rest_x": -0.028642339631915092,
        "rest_w": 0.68263840675354,
        "rest_z": -0.7297029495239258,
        "rest_y": 0.026794960722327232,
        "min": 1.6727821826934814,
        "max": 0.0872664600610733,
        "reference_w": 1,
        "type": "hinge",
        "reference_x": 0,
        "reference_y": 0,
        "reference_z": 0
      },
      "radius": 1
    },
    {
      "green": 56,
      "q_w": 1,
      "q_y": 0,
      "q_x": 0,
      "q_z": 0,
      "reference": "J10",
      "red": 112,
      "blue": 197,
      "name": "J11",
      "x": 8.150046348571777,
      "y": -0.5454630851745605,
      "z": -0.6407994031906128,
      "constraint": {"type": "none"},
      "radius": 1
    },
    {
      "green": 202,
      "q_w": 1,
      "q_y": 0,
      "q_x": 0,
      "q_z": 0,
      "reference": "J1",
      "red": 166,
      "blue": 164,
      "name": "J6",
      "x": 16.10873031616211,
      "y": 2.8064143657684326,
      "z": -1.0024518966674805,
      "constraint": {
        "rest_x": 0.017369884997606277,
        "rest_w": 0.7153951525688171,
        "rest_z": -0.017795700579881668,
        "rest_y": 0.698277473449707,
        "max": 3.1415927410125732,
        "reference_w": 1,
        "right": 0.7002345323562622,
        "type": "ball_socket",
        "reference_x": 0,
        "reference_y": 0,
        "down": 0.6834120750427246,
        "reference_z": 0,
        "min": 3.1415927410125732,
        "left": 0.6834120154380798,
        "up": 0.7002345323562622
      },
      "radius": 1
    },
    {
      "green": 0,
      "q_w": 1,
      "q_y": 0,
      "q_x": 0,
      "q_z": 0,
      "reference": "J6",
      "red": 6,
      "blue": 84,
      "name": "J12",
      "x": 15.469722747802734,
      "y": -0.7701053619384766,
      "z": 0.3751767873764038,
      "constraint": {
        "rest_x": 0.00976240262389183,
        "rest_w": 0.6465910077095032,
        "rest_z": -0.7582569122314453,
        "rest_y": 0.08289305865764618,
        "min": 1.672782301902771,
        "max": 0.0904206931591034,
        "reference_w": 1,
        "type": "hinge",
        "reference_x": 0,
        "reference_y": 0,
        "reference_z": 0
      },
      "radius": 1
    },
    {
      "green": 235,
      "q_w": 0.9999995231628418,
      "q_y": -2.120072349498514E-5,
      "q_x": -9.74340015091002E-4,
      "q_z": -6.233885505935177E-5,
      "reference": "J12",
      "red": 207,
      "blue": 77,
      "name": "J13",
      "x": 11.021099090576172,
      "y": -0.6439985036849976,
      "z": -0.30482912063598633,
      "constraint": {
        "rest_x": 0.04457010328769684,
        "rest_w": 0.7286053895950317,
        "rest_z": -0.6833145618438721,
        "rest_y": -0.015129078179597855,
        "min": 1.6696282625198364,
        "max": 0.10566601157188416,
        "reference_w": 0.9999995231628418,
        "type": "hinge",
        "reference_x": -9.74340015091002E-4,
        "reference_y": -2.120072349498514E-5,
        "reference_z": -6.233885505935177E-5
      },
      "radius": 1
    },
    {
      "green": 226,
      "q_w": 1,
      "q_y": 0,
      "q_x": 0,
      "q_z": 0,
      "reference": "J13",
      "red": 36,
      "blue": 48,
      "name": "J14",
      "x": 6.946072578430176,
      "y": -0.3712688684463501,
      "z": 0.015558004379272461,
      "constraint": {"type": "none"},
      "radius": 1
    },
    {
      "green": 197,
      "q_w": 0.999998152256012,
      "q_y": 1.0921885404968634E-4,
      "q_x": -0.0019249828765168786,
      "q_z": 1.7029345326591283E-4,
      "reference": "J1",
      "red": 145,
      "blue": 160,
      "name": "J7",
      "x": 17.344615936279297,
      "y": 2.134732961654663,
      "z": 7.526211738586426,
      "constraint": {
        "rest_x": 0.467368483543396,
        "rest_w": 0.5433313846588135,
        "rest_z": 0.5314862132072449,
        "rest_y": 0.45153090357780457,
        "max": 3.1415927410125732,
        "reference_w": 0.999998152256012,
        "right": 0.6918232440948486,
        "type": "ball_socket",
        "reference_x": -0.0019249828765168786,
        "reference_y": 1.0921885404968634E-4,
        "down": 0.6918232440948486,
        "reference_z": 1.7029345326591283E-4,
        "min": 3.1415927410125732,
        "left": 0.6834120750427246,
        "up": 0.7086457014083862
      },
      "radius": 1
    },
    {
      "green": 0,
      "q_w": 1,
      "q_y": 0,
      "q_x": 0,
      "q_z": 0,
      "reference": "J7",
      "red": 77,
      "blue": 192,
      "name": "J15",
      "x": 11.910314559936523,
      "y": -0.3290479779243469,
      "z": 1.8720533847808838,
      "constraint": {
        "rest_x": 0.036100734025239944,
        "rest_w": 0.6930882930755615,
        "rest_z": -0.7191067934036255,
        "rest_y": -0.03479454666376114,
        "min": 1.672782301902771,
        "max": 0.0872664600610733,
        "reference_w": 1,
        "type": "hinge",
        "reference_x": 0,
        "reference_y": 0,
        "reference_z": 0
      },
      "radius": 1
    },
    {
      "green": 174,
      "q_w": 1,
      "q_y": 0,
      "q_x": 0,
      "q_z": 0,
      "reference": "J15",
      "red": 44,
      "blue": 91,
      "name": "J16",
      "x": 9.747191429138184,
      "y": -0.3611066937446594,
      "z": 0.9811336994171143,
      "constraint": {
        "rest_x": -0.06706289201974869,
        "rest_w": 0.6910703182220459,
        "rest_z": -0.7183887362480164,
        "rest_y": -0.0429190993309021,
        "min": 1.0471975803375244,
        "max": 1.0471975803375244,
        "reference_w": 1,
        "type": "hinge",
        "reference_x": 0,
        "reference_y": 0,
        "reference_z": 0
      },
      "radius": 1
    },
    {
      "green": 197,
      "q_w": 1,
      "q_y": 0,
      "q_x": 0,
      "q_z": 0,
      "reference": "J16",
      "red": 70,
      "blue": 146,
      "name": "J17",
      "x": 7.300061225891113,
      "y": -0.4365663528442383,
      "z": -0.26191163063049316,
      "constraint": {"type": "none"},
      "radius": 1
    },
    {
      "green": 139,
      "q_w": 1,
      "q_y": 0,
      "q_x": 0,
      "q_z": 0,
      "reference": "J1",
      "red": 138,
      "blue": 64,
      "name": "J8",
      "x": 13.605813980102539,
      "y": 0.6009286642074585,
      "z": 14.886359214782715,
      "constraint": {
        "rest_x": 0.38180506229400635,
        "rest_w": 0.5867807269096375,
        "rest_z": 0.5951679348945618,
        "rest_y": 0.3945736885070801,
        "max": 3.1415927410125732,
        "reference_w": 1,
        "right": 0.708645761013031,
        "type": "ball_socket",
        "reference_x": 0,
        "reference_y": 0,
        "down": 0.708645761013031,
        "reference_z": 0,
        "min": 3.1415927410125732,
        "left": 0.7002345323562622,
        "up": 0.7002345323562622
      },
      "radius": 1
    },
    {
      "green": 86,
      "q_w": 1,
      "q_y": 0,
      "q_x": 0,
      "q_z": 0,
      "reference": "J8",
      "red": 213,
      "blue": 94,
      "name": "J18",
      "x": 10.992908477783203,
      "y": 0.2588297426700592,
      "z": 4.757308483123779,
      "constraint": {
        "rest_x": 0.08361436426639557,
        "rest_w": 0.7021456956863403,
        "rest_z": -0.7021456956863403,
        "rest_y": -0.08361436426639557,
        "min": 1.6359829902648926,
        "max": 0.17926426231861115,
        "reference_w": 1,
        "type": "hinge",
        "reference_x": 0,
        "reference_y": 0,
        "reference_z": 0
      },
      "radius": 1
    },
    {
      "green": 212,
      "q_w": 1,
      "q_y": 0,
      "q_x": 0,
      "q_z": 0,
      "reference": "J18",
      "red": 51,
      "blue": 189,
      "name": "J19",
      "x": 9.536383628845215,
      "y": 9.360846320305427E-8,
      "z": 2.3039348125457764,
      "constraint": {"type": "none"},
      "radius": 1
    }
  ]
}