{
  "Targets": [],
  "Joints": [
    {
      "green": 200,
      "q_w": 1,
      "q_y": 0,
      "q_x": 0,
      "q_z": 0,
      "reference": "",
      "red": 82,
      "blue": 235,
      "name": "J0",
      "x": -48.63888168334961,
      "y": 0.022653304040431976,
      "z": 4.664907455444336,
      "constraint": {"type": "none"},
      "radius": 1
    },
    {
      "green": 199,
      "q_w": 1,
      "q_y": 0,
      "q_x": 0,
      "q_z": 0,
      "reference": "J0",
      "red": 176,
      "blue": 85,
      "name": "J1",
      "x": 46.013916015625,
      "y": -0.04231787845492363,
      "z": -1.2395225763320923,
      "constraint": {"type": "none"},
      "radius": 1
    },
    {
      "green": 226,
      "q_w": 1,
      "q_y": 0,
      "q_x": 0,
      "q_z": 0,
      "reference": "J1",
      "red": 0,
      "blue": 23,
      "name": "J2",
      "x": 1.6394091844558716,
      "y": 0.04761301353573799,
      "z": -12.497478485107422,
      "constraint": {"type": "none"},
      "radius": 1
    },
    {
      "green": 94,
      "q_w": 1,
      "q_y": 0,
      "q_x": 0,
      "q_z": 0,
      "reference": "J2",
      "red": 42,
      "blue": 148,
      "name": "J3",
      "x": 8.144241333007812,
      "y": -1.3056182861328125,
      "z": -11.120580673217773,
      "constraint": {"type": "none"},
      "radius": 1
    },
    {
      "green": 111,
      "q_w": 1,
      "q_y": 0,
      "q_x": 0,
      "q_z": 0,
      "reference": "J3",
      "red": 36,
      "blue": 139,
      "name": "J4",
      "x": 7.365746974945068,
      "y": 0.41797488927841187,
      "z": -4.235527992248535,
      "constraint": {"type": "none"},
      "radius": 1
    },
    {
      "green": 129,
      "q_w": 1,
      "q_y": 0,
      "q_x": 0,
      "q_z": 0,
      "reference": "J1",
      "red": 50,
      "blue": 82,
      "name": "J5",
      "x": 14.55866527557373,
      "y": 4.249329566955566,
      "z": -9.5371732711792,
      "constraint": {"type": "none"},
      "radius": 1
    },
    {
      "green": 19,
      "q_w": 1,
      "q_y": 0,
      "q_x": 0,
      "q_z": 0,
      "reference": "J5",
      "red": 80,
      "blue": 180,
      "name": "J9",
      "x": 12.43702507019043,
      "y": -0.9051907062530518,
      "z": -1.4147298336029053,
      "constraint": {"type": "none"},
      "radius": 1
    },
    {
      "green": 38,
      "q_w": 1,
      "q_y": 0,
      "q_x": 0,
      "q_z": 0,
      "reference": "J9",
      "red": 130,
      "blue": 119,
      "name": "J10",
      "x": 9.47851276397705,
      "y": -0.6707808971405029,
      "z": -0.963692307472229,
      "constraint": {"type": "none"},
      "radius": 1
    },
    {
      "green": 56,
      "q_w": 1,
      "q_y": 0,
      "q_x": 0,
      "q_z": 0,
      "reference": "J10",
      "red": 112,
      "blue": 197,
      "name": "J11",
      "x": 8.150046348571777,
      "y": -0.5454630851745605,
      "z": -0.6407994031906128,
      "constraint": {"type": "none"},
      "radius": 1
    },
    {
      "green": 202,
      "q_w": 1,
      "q_y": 0,
      "q_x": 0,
      "q_z": 0,
      "reference": "J1",
      "red": 166,
      "blue": 164,
      "name": "J6",
      "x": 16.10873031616211,
      "y": 2.8064143657684326,
      "z": -1.0024518966674805,
      "constraint": {"type": "none"},
      "radius": 1
    },
    {
      "green": 0,
      "q_w": 1,
      "q_y": 0,
      "q_x": 0,
      "q_z": 0,
      "reference": "J6",
      "red": 6,
      "blue": 84,
      "name": "J12",
      "x": 15.469722747802734,
      "y": -0.7701053619384766,
      "z": 0.3751767873764038,
      "constraint": {"type": "none"},
      "radius": 1
    },
    {
      "green": 235,
      "q_w": 1,
      "q_y": 0,
      "q_x": 0,
      "q_z": 0,
      "reference": "J12",
      "red": 207,
      "blue": 77,
      "name": "J13",
      "x": 11.021099090576172,
      "y": -0.6439985036849976,
      "z": -0.30482912063598633,
      "constraint": {"type": "none"},
      "radius": 1
    },
    {
      "green": 226,
      "q_w": 1,
      "q_y": 0,
      "q_x": 0,
      "q_z": 0,
      "reference": "J13",
      "red": 36,
      "blue": 48,
      "name": "J14",
      "x": 6.946072578430176,
      "y": -0.3712688684463501,
      "z": 0.015558004379272461,
      "constraint": {"type": "none"},
      "radius": 1
    },
    {
      "green": 197,
      "q_w": 1,
      "q_y": 0,
      "q_x": 0,
      "q_z": 0,
      "reference": "J1",
      "red": 145,
      "blue": 160,
      "name": "J7",
      "x": 17.344615936279297,
      "y": 2.134732961654663,
      "z": 7.526211738586426,
      "constraint": {"type": "none"},
      "radius": 1
    },
    {
      "green": 0,
      "q_w": 1,
      "q_y": 0,
      "q_x": 0,
      "q_z": 0,
      "reference": "J7",
      "red": 77,
      "blue": 192,
      "name": "J15",
      "x": 11.910314559936523,
      "y": -0.3290479779243469,
      "z": 1.8720533847808838,
      "constraint": {"type": "none"},
      "radius": 1
    },
    {
      "green": 174,
      "q_w": 1,
      "q_y": 0,
      "q_x": 0,
      "q_z": 0,
      "reference": "J15",
      "red": 44,
      "blue": 91,
      "name": "J16",
      "x": 9.747191429138184,
      "y": -0.3611066937446594,
      "z": 0.9811336994171143,
      "constraint": {"type": "none"},
      "radius": 1
    },
    {
      "green": 197,
      "q_w": 1,
      "q_y": 0,
      "q_x": 0,
      "q_z": 0,
      "reference": "J16",
      "red": 70,
      "blue": 146,
      "name": "J17",
      "x": 7.300061225891113,
      "y": -0.4365663528442383,
      "z": -0.26191163063049316,
      "constraint": {"type": "none"},
      "radius": 1
    },
    {
      "green": 139,
      "q_w": 1,
      "q_y": 0,
      "q_x": 0,
      "q_z": 0,
      "reference": "J1",
      "red": 138,
      "blue": 64,
      "name": "J8",
      "x": 13.605813980102539,
      "y": 0.6009286642074585,
      "z": 14.886359214782715,
      "constraint": {"type": "none"},
      "radius": 1
    },
    {
      "green": 86,
      "q_w": 1,
      "q_y": 0,
      "q_x": 0,
      "q_z": 0,
      "reference": "J8",
      "red": 213,
      "blue": 94,
      "name": "J18",
      "x": 10.992908477783203,
      "y": 0.2588297426700592,
      "z": 4.757308483123779,
      "constraint": {"type": "none"},
      "radius": 1
    },
    {
      "green": 212,
      "q_w": 1,
      "q_y": 0,
      "q_x": 0,
      "q_z": 0,
      "reference": "J18",
      "red": 51,
      "blue": 189,
      "name": "J19",
      "x": 9.536383628845215,
      "y": 9.360846320305427E-8,
      "z": 2.3039348125457764,
      "constraint": {"type": "none"},
      "radius": 1
    }
  ]
}