{
  "Targets": [],
  "Joints": [
    {
      "green": 214,
      "q_w": 1,
      "q_y": 0,
      "q_x": 0,
      "q_z": 0,
      "reference": "",
      "red": 113,
      "blue": 6,
      "name": "J0",
      "x": 15.9646577835083,
      "y": -0.3643031120300293,
      "z": 0.003963499329984188,
      "constraint": {"type": "none"},
      "radius": 0.9999998807907104
    },
    {
      "green": 110,
      "q_w": 1,
      "q_y": 0,
      "q_x": 0,
      "q_z": 0,
      "reference": "J0",
      "red": 137,
      "blue": 38,
      "name": "J1",
      "x": 12.285453796386719,
      "y": 0.8712208867073059,
      "z": 0.015246259048581123,
      "constraint": {"type": "none"},
      "radius": 0.9999998807907104
    },
    {
      "green": 166,
      "q_w": 1,
      "q_y": 0,
      "q_x": 0,
      "q_z": 0,
      "reference": "J1",
      "red": 169,
      "blue": 104,
      "name": "J2",
      "x": 12.366923332214355,
      "y": 0.9605421423912048,
      "z": 0.015347362495958805,
      "constraint": {"type": "none"},
      "radius": 0.9999998807907104
    },
    {
      "green": 129,
      "q_w": 1,
      "q_y": 0,
      "q_x": 0,
      "q_z": 0,
      "reference": "J2",
      "red": 81,
      "blue": 10,
      "name": "J3",
      "x": 12.727117538452148,
      "y": 2.041140556335449,
      "z": 0.015794362872838974,
      "constraint": {"type": "none"},
      "radius": 0.9999998807907104
    },
    {
      "green": 110,
      "q_w": 1,
      "q_y": 0,
      "q_x": 0,
      "q_z": 0,
      "reference": "J3",
      "red": 166,
      "blue": 152,
      "name": "J4",
      "x": 13.20740032196045,
      "y": -2.5214133262634277,
      "z": 0.016390396282076836,
      "constraint": {"type": "none"},
      "radius": 0.9999998807907104
    },
    {
      "green": 210,
      "q_w": 1,
      "q_y": 0,
      "q_x": 0,
      "q_z": 0,
      "reference": "J0",
      "red": 148,
      "blue": 7,
      "name": "J5",
      "x": -4.374227046966553,
      "y": -6.931972503662109,
      "z": 6.718968391418457,
      "constraint": {"type": "none"},
      "radius": 0.9999998807907104
    },
    {
      "green": 3,
      "q_w": 1,
      "q_y": 0,
      "q_x": 0,
      "q_z": 0,
      "reference": "J5",
      "red": 85,
      "blue": 192,
      "name": "J6",
      "x": 3.842153787612915,
      "y": -6.243503570556641,
      "z": 1.2093487493434855E-15,
      "constraint": {"type": "none"},
      "radius": 0.9999998807907104
    },
    {
      "green": 11,
      "q_w": 1,
      "q_y": 0,
      "q_x": 0,
      "q_z": 0,
      "reference": "J6",
      "red": 233,
      "blue": 140,
      "name": "J7",
      "x": -1.8010059595108032,
      "y": -7.804374694824219,
      "z": 1.5180363544431592E-15,
      "constraint": {"type": "none"},
      "radius": 0.9999998807907104
    },
    {
      "green": 97,
      "q_w": 1,
      "q_y": 0,
      "q_x": 0,
      "q_z": 0,
      "reference": "J0",
      "red": 242,
      "blue": 217,
      "name": "J8",
      "x": -4.2395782470703125,
      "y": -6.607917308807373,
      "z": -6.161916732788086,
      "constraint": {"type": "none"},
      "radius": 0.9999998807907104
    },
    {
      "green": 191,
      "q_w": 1,
      "q_y": 0,
      "q_x": 0,
      "q_z": 0,
      "reference": "J8",
      "red": 78,
      "blue": 226,
      "name": "J9",
      "x": 3.6107017993927,
      "y": -6.640087604522705,
      "z": -0.32915186882019043,
      "constraint": {"type": "none"},
      "radius": 0.9999998807907104
    },
    {
      "green": 99,
      "q_w": 1,
      "q_y": 0,
      "q_x": 0,
      "q_z": 0,
      "reference": "J9",
      "red": 198,
      "blue": 39,
      "name": "J10",
      "x": -1.805911898612976,
      "y": -7.928665637969971,
      "z": -0.36020198464393616,
      "constraint": {"type": "none"},
      "radius": 0.9999998807907104
    },
    {
      "green": 74,
      "q_w": 1,
      "q_y": 0,
      "q_x": 0,
      "q_z": 0,
      "reference": "J0",
      "red": 28,
      "blue": 25,
      "name": "J11",
      "x": -9.774889945983887,
      "y": 4.774147987365723,
      "z": 1.4565722494808142E-7,
      "constraint": {"type": "none"},
      "radius": 0.9999998807907104
    },
    {
      "green": 218,
      "q_w": 1,
      "q_y": 0,
      "q_x": 0,
      "q_z": 0,
      "reference": "J11",
      "red": 211,
      "blue": 129,
      "name": "J12",
      "x": -10.806163787841797,
      "y": 5.042876720428467,
      "z": 1.610244027006047E-7,
      "constraint": {"type": "none"},
      "radius": 0.9999998807907104
    },
    {
      "green": 167,
      "q_w": 1,
      "q_y": 0,
      "q_x": 0,
      "q_z": 0,
      "reference": "J12",
      "red": 84,
      "blue": 62,
      "name": "J13",
      "x": -8.764999389648438,
      "y": 6.003424644470215,
      "z": 1.306086829799824E-7,
      "constraint": {"type": "none"},
      "radius": 0.9999998807907104
    },
    {
      "green": 192,
      "q_w": 1,
      "q_y": 0,
      "q_x": 0,
      "q_z": 0,
      "reference": "J13",
      "red": 249,
      "blue": 26,
      "name": "J14",
      "x": -5.518877029418945,
      "y": -4.1977996826171875,
      "z": 1.1092793528177936E-7,
      "constraint": {"type": "none"},
      "radius": 0.9999998807907104
    },
    {
      "green": 61,
      "q_w": 1,
      "q_y": 0,
      "q_x": 0,
      "q_z": 0,
      "reference": "J14",
      "red": 151,
      "blue": 197,
      "name": "J17",
      "x": -5.647491455078125,
      "y": -3.246447801589966,
      "z": 8.415417340756903E-8,
      "constraint": {"type": "none"},
      "radius": 0.9999998807907104
    },
    {
      "green": 179,
      "q_w": 1,
      "q_y": 0,
      "q_x": 0,
      "q_z": 0,
      "reference": "J13",
      "red": 14,
      "blue": 66,
      "name": "J15",
      "x": -7.559744358062744,
      "y": 2.5173287391662598,
      "z": 1.6281359194181277E-7,
      "constraint": {"type": "none"},
      "radius": 0.9999998807907104
    },
    {
      "green": 85,
      "q_w": 1,
      "q_y": 0,
      "q_x": 0,
      "q_z": 0,
      "reference": "J15",
      "red": 48,
      "blue": 41,
      "name": "J16",
      "x": -6.488271236419678,
      "y": -0.7163032293319702,
      "z": 9.668277556329485E-8,
      "constraint": {"type": "none"},
      "radius": 0.9999998807907104
    }
  ]
}