{
  "Targets": [],
  "Joints": [
    {
      "green": 214,
      "q_w": 1,
      "q_y": 0,
      "q_x": 0,
      "q_z": 0,
      "reference": "",
      "red": 113,
      "blue": 6,
      "name": "J0",
      "x": 15.9646577835083,
      "y": -0.3643031120300293,
      "z": 0.003963499329984188,
      "constraint": {"type": "none"},
      "radius": 0.9999998807907104
    },
    {
      "green": 110,
      "q_w": 0.9999977350234985,
      "q_y": -9.283061372116208E-4,
      "q_x": -0.0017885479610413313,
      "q_z": 7.095640175975859E-4,
      "reference": "J0",
      "red": 137,
      "blue": 38,
      "name": "J1",
      "x": 12.285453796386719,
      "y": 0.8712208867073059,
      "z": 0.015246259048581123,
      "constraint": {
        "rest_x": -0.02649235911667347,
        "rest_w": 0.7071052193641663,
        "rest_z": 0.02782587893307209,
        "rest_y": 0.7060638070106506,
        "max": 0.523598849773407,
        "reference_w": 0.9999977350234985,
        "right": 0.8852813839912415,
        "type": "ball_socket",
        "reference_x": -0.0017885479610413313,
        "reference_y": -9.283061372116208E-4,
        "down": 0.8768702745437622,
        "reference_z": 7.095640175975859E-4,
        "min": 0.5235987901687622,
        "left": 0.8852813839912415,
        "up": 0.8852813839912415
      },
      "radius": 0.9999998807907104
    },
    {
      "green": 166,
      "q_w": 0.9999980926513672,
      "q_y": -1.7459827358834445E-4,
      "q_x": -0.0019413535483181477,
      "q_z": 1.1995784007012844E-4,
      "reference": "J1",
      "red": 169,
      "blue": 104,
      "name": "J2",
      "x": 12.366923332214355,
      "y": 0.9605421423912048,
      "z": 0.015347362495958805,
      "constraint": {
        "rest_x": -0.05612896755337715,
        "rest_w": 0.7053114175796509,
        "rest_z": 0.05619888752698898,
        "rest_y": 0.7044339179992676,
        "max": 0.5235987901687622,
        "reference_w": 0.9999980926513672,
        "right": 0.5235987901687622,
        "type": "ball_socket",
        "reference_x": -0.0019413535483181477,
        "reference_y": -1.7459827358834445E-4,
        "down": 0.5235987901687622,
        "reference_z": 1.1995784007012844E-4,
        "min": 0.5235987901687622,
        "left": 0.5235987901687622,
        "up": 0.5235987901687622
      },
      "radius": 0.9999998807907104
    },
    {
      "green": 129,
      "q_w": 0.9999982118606567,
      "q_y": -2.9679395083803684E-5,
      "q_x": -0.0018618811154738069,
      "q_z": 3.5738834412768483E-4,
      "reference": "J2",
      "red": 81,
      "blue": 10,
      "name": "J3",
      "x": 12.727117538452148,
      "y": 2.041140556335449,
      "z": 0.015794362872838974,
      "constraint": {
        "rest_x": 0.06655537337064743,
        "rest_w": 0.7043846845626831,
        "rest_z": -0.06663500517606735,
        "rest_y": 0.7035428285598755,
        "max": 0.5235987901687622,
        "reference_w": 0.9999982118606567,
        "right": 0.5235987901687622,
        "type": "ball_socket",
        "reference_x": -0.0018618811154738069,
        "reference_y": -2.9679395083803684E-5,
        "down": 0.5235987901687622,
        "reference_z": 3.5738834412768483E-4,
        "min": 0.5235987901687622,
        "left": 0.5235987901687622,
        "up": 0.5235987901687622
      },
      "radius": 0.9999998807907104
    },
    {
      "green": 110,
      "q_w": 1,
      "q_y": 0,
      "q_x": 0,
      "q_z": 0,
      "reference": "J3",
      "red": 166,
      "blue": 152,
      "name": "J4",
      "x": 13.20740032196045,
      "y": -2.5214133262634277,
      "z": 0.016390396282076836,
      "constraint": {"type": "none"},
      "radius": 0.9999998807907104
    },
    {
      "green": 210,
      "q_w": 0.9999995231628418,
      "q_y": -4.56106208730489E-5,
      "q_x": -9.616930619813502E-4,
      "q_z": 1.635240769246593E-4,
      "reference": "J0",
      "red": 148,
      "blue": 7,
      "name": "J5",
      "x": -4.374227046966553,
      "y": -6.931972503662109,
      "z": 6.718968391418457,
      "constraint": {
        "rest_x": -0.014040902256965637,
        "rest_w": 0.413715660572052,
        "rest_z": -0.9102534651756287,
        "rest_y": 0.008990534581243992,
        "min": 1.02879798412323,
        "max": 0.863201916217804,
        "reference_w": 0.9999995231628418,
        "type": "hinge",
        "reference_x": -9.616930619813502E-4,
        "reference_y": -4.56106208730489E-5,
        "reference_z": 1.635240769246593E-4
      },
      "radius": 0.9999998807907104
    },
    {
      "green": 3,
      "q_w": 0.9999995231628418,
      "q_y": 9.338818490505219E-4,
      "q_x": 8.273124694824219E-5,
      "q_z": -2.733042638283223E-4,
      "reference": "J5",
      "red": 85,
      "blue": 192,
      "name": "J6",
      "x": 3.842153787612915,
      "y": -6.243503570556641,
      "z": 1.2093487493434855E-15,
      "constraint": {
        "rest_x": 0.016579650342464447,
        "rest_w": 0.11318425089120865,
        "rest_z": 0.9933503866195679,
        "rest_y": 0.013018714264035225,
        "min": 1.0471975803375244,
        "max": 0.16401895880699158,
        "reference_w": 0.9999995231628418,
        "type": "hinge",
        "reference_x": 8.273124694824219E-5,
        "reference_y": 9.338818490505219E-4,
        "reference_z": -2.733042638283223E-4
      },
      "radius": 0.9999998807907104
    },
    {
      "green": 11,
      "q_w": 1,
      "q_y": 0,
      "q_x": 0,
      "q_z": 0,
      "reference": "J6",
      "red": 233,
      "blue": 140,
      "name": "J7",
      "x": -1.8010059595108032,
      "y": -7.804374694824219,
      "z": 1.5180363544431592E-15,
      "constraint": {"type": "none"},
      "radius": 0.9999998807907104
    },
    {
      "green": 97,
      "q_w": 1,
      "q_y": 0,
      "q_x": 0,
      "q_z": 0,
      "reference": "J0",
      "red": 242,
      "blue": 217,
      "name": "J8",
      "x": -4.2395782470703125,
      "y": -6.607917308807373,
      "z": -6.161916732788086,
      "constraint": {
        "rest_x": -0.9608750343322754,
        "rest_w": 0.006616208702325821,
        "rest_z": -0.008565973490476608,
        "rest_y": -0.27677062153816223,
        "min": 1.0471975803375244,
        "max": 1.0471975803375244,
        "reference_w": 1,
        "type": "hinge",
        "reference_x": 0,
        "reference_y": 0,
        "reference_z": 0
      },
      "radius": 0.9999998807907104
    },
    {
      "green": 191,
      "q_w": 1,
      "q_y": 0,
      "q_x": 0,
      "q_z": 0,
      "reference": "J8",
      "red": 78,
      "blue": 226,
      "name": "J9",
      "x": 3.6107017993927,
      "y": -6.640087604522705,
      "z": -0.32915186882019043,
      "constraint": {
        "rest_x": 0.9930247068405151,
        "rest_w": 0.04367030784487724,
        "rest_z": 0.005996705032885075,
        "rest_y": -0.10935713350772858,
        "min": 0.16401886940002441,
        "max": 1.0471975803375244,
        "reference_w": 1,
        "type": "hinge",
        "reference_x": 0,
        "reference_y": 0,
        "reference_z": 0
      },
      "radius": 0.9999998807907104
    },
    {
      "green": 99,
      "q_w": 1,
      "q_y": 0,
      "q_x": 0,
      "q_z": 0,
      "reference": "J9",
      "red": 198,
      "blue": 39,
      "name": "J10",
      "x": -1.805911898612976,
      "y": -7.928665637969971,
      "z": -0.36020198464393616,
      "constraint": {"type": "none"},
      "radius": 0.9999998807907104
    },
    {
      "green": 74,
      "q_w": 0.9999995231628418,
      "q_y": -7.906783139333129E-6,
      "q_x": 9.760574903339148E-4,
      "q_z": -3.03857905237237E-5,
      "reference": "J0",
      "red": 28,
      "blue": 25,
      "name": "J11",
      "x": -9.774889945983887,
      "y": 4.774147987365723,
      "z": 1.4565722494808142E-7,
      "constraint": {
        "rest_x": -0.6903229355812073,
        "rest_w": 0.1531476527452469,
        "rest_z": 0.690322995185852,
        "rest_y": 0.15314772725105286,
        "max": 0.5235987901687622,
        "reference_w": 0.9999995231628418,
        "right": 0.5235987901687622,
        "type": "ball_socket",
        "reference_x": 9.760574903339148E-4,
        "reference_y": -7.906783139333129E-6,
        "down": 0.5235987901687622,
        "reference_z": -3.03857905237237E-5,
        "min": 0.5235987901687622,
        "left": 0.5235987901687622,
        "up": 0.5235987901687622
      },
      "radius": 0.9999998807907104
    },
    {
      "green": 218,
      "q_w": 1,
      "q_y": 0,
      "q_x": 0,
      "q_z": 0,
      "reference": "J11",
      "red": 211,
      "blue": 129,
      "name": "J12",
      "x": -10.806163787841797,
      "y": 5.042876720428467,
      "z": 1.610244027006047E-7,
      "constraint": {
        "rest_x": -0.6754683256149292,
        "rest_w": 0.2091471552848816,
        "rest_z": 0.6754683256149292,
        "rest_y": 0.209147110581398,
        "max": 0.5235987901687622,
        "reference_w": 1,
        "right": 0.5235987901687622,
        "type": "ball_socket",
        "reference_x": 0,
        "reference_y": 0,
        "down": 0.5235987901687622,
        "reference_z": 0,
        "min": 0.5235987901687622,
        "left": 0.5235987901687622,
        "up": 0.5235987901687622
      },
      "radius": 0.9999998807907104
    },
    {
      "green": 167,
      "q_w": 1,
      "q_y": 0,
      "q_x": 0,
      "q_z": 0,
      "reference": "J12",
      "red": 84,
      "blue": 62,
      "name": "J13",
      "x": -8.764999389648438,
      "y": 6.003424644470215,
      "z": 1.306086829799824E-7,
      "constraint": {"type": "none"},
      "radius": 0.9999998807907104
    },
    {
      "green": 192,
      "q_w": 1,
      "q_y": 0,
      "q_x": 0,
      "q_z": 0,
      "reference": "J13",
      "red": 249,
      "blue": 26,
      "name": "J14",
      "x": -5.518877029418945,
      "y": -4.1977996826171875,
      "z": 1.1092793528177936E-7,
      "constraint": {
        "rest_x": -0.005975170060992241,
        "rest_w": 0.4959210455417633,
        "rest_z": 0.867942214012146,
        "rest_y": -0.02651141956448555,
        "min": 0.5688092112541199,
        "max": 0.58720862865448,
        "reference_w": 1,
        "type": "hinge",
        "reference_x": 0,
        "reference_y": 0,
        "reference_z": 0
      },
      "radius": 0.9999998807907104
    },
    {
      "green": 61,
      "q_w": 1,
      "q_y": 0,
      "q_x": 0,
      "q_z": 0,
      "reference": "J14",
      "red": 151,
      "blue": 197,
      "name": "J17",
      "x": -5.647491455078125,
      "y": -3.246447801589966,
      "z": 8.415417340756903E-8,
      "constraint": {"type": "none"},
      "radius": 0.9999998807907104
    },
    {
      "green": 179,
      "q_w": 1,
      "q_y": 0,
      "q_x": 0,
      "q_z": 0,
      "reference": "J13",
      "red": 14,
      "blue": 66,
      "name": "J15",
      "x": -7.559744358062744,
      "y": 2.5173287391662598,
      "z": 1.6281359194181277E-7,
      "constraint": {
        "rest_x": 0.031205222010612488,
        "rest_w": 0.639091432094574,
        "rest_z": 0.7673071026802063,
        "rest_y": 0.04275740310549736,
        "min": 0.58720862865448,
        "max": 0.6608068943023682,
        "reference_w": 1,
        "type": "hinge",
        "reference_x": 0,
        "reference_y": 0,
        "reference_z": 0
      },
      "radius": 0.9999998807907104
    },
    {
      "green": 85,
      "q_w": 1,
      "q_y": 0,
      "q_x": 0,
      "q_z": 0,
      "reference": "J15",
      "red": 48,
      "blue": 41,
      "name": "J16",
      "x": -6.488271236419678,
      "y": -0.7163032293319702,
      "z": 9.668277556329485E-8,
      "constraint": {"type": "none"},
      "radius": 0.9999998807907104
    }
  ]
}