{
  "Targets": [],
  "Joints": [
    {
      "green": 176,
      "q_w": 1,
      "q_y": 0,
      "q_x": 0,
      "q_z": 0,
      "reference": "",
      "red": 67,
      "blue": 88,
      "name": "J0",
      "x": 0.2741587460041046,
      "y": 37.75270080566406,
      "z": 0,
      "constraint": {"type": "none"},
      "radius": 1
    },
    {
      "green": 96,
      "q_w": 1,
      "q_y": 0,
      "q_x": 0,
      "q_z": 0,
      "reference": "J0",
      "red": 157,
      "blue": 158,
      "name": "J1",
      "x": 0.2529209554195404,
      "y": 22.59390640258789,
      "z": 0,
      "constraint": {"type": "none"},
      "radius": 1
    },
    {
      "green": 213,
      "q_w": 1,
      "q_y": 0,
      "q_x": 0,
      "q_z": 0,
      "reference": "J1",
      "red": 59,
      "blue": 197,
      "name": "J8",
      "x": 18.534530639648438,
      "y": 6.260617256164551,
      "z": 0,
      "constraint": {"type": "none"},
      "radius": 1
    },
    {
      "green": 15,
      "q_w": 1,
      "q_y": 0,
      "q_x": 0,
      "q_z": 0,
      "reference": "J8",
      "red": 79,
      "blue": 91,
      "name": "J9",
      "x": 9.200333595275879,
      "y": -6.269644260406494,
      "z": 0,
      "constraint": {"type": "none"},
      "radius": 1
    },
    {
      "green": 128,
      "q_w": 1,
      "q_y": 0,
      "q_x": 0,
      "q_z": 0,
      "reference": "J9",
      "red": 74,
      "blue": 254,
      "name": "J10",
      "x": 10.310081481933594,
      "y": -15.32579231262207,
      "z": 0,
      "constraint": {"type": "none"},
      "radius": 1
    },
    {
      "green": 85,
      "q_w": 1,
      "q_y": 0,
      "q_x": 0,
      "q_z": 0,
      "reference": "J10",
      "red": 44,
      "blue": 221,
      "name": "J11",
      "x": 4.449564456939697,
      "y": -30.646930694580078,
      "z": 0,
      "constraint": {"type": "none"},
      "radius": 1
    },
    {
      "green": 121,
      "q_w": 1,
      "q_y": 0,
      "q_x": 0,
      "q_z": 0,
      "reference": "J1",
      "red": 44,
      "blue": 33,
      "name": "J12",
      "x": -15.45134449005127,
      "y": 6.813632488250732,
      "z": 0,
      "constraint": {"type": "none"},
      "radius": 1
    },
    {
      "green": 26,
      "q_w": 1,
      "q_y": 0,
      "q_x": 0,
      "q_z": 0,
      "reference": "J12",
      "red": 108,
      "blue": 56,
      "name": "J13",
      "x": -11.150702476501465,
      "y": -5.9867072105407715,
      "z": -0,
      "constraint": {"type": "none"},
      "radius": 1
    },
    {
      "green": 43,
      "q_w": 1,
      "q_y": 0,
      "q_x": 0,
      "q_z": 0,
      "reference": "J13",
      "red": 43,
      "blue": 176,
      "name": "J14",
      "x": -9.752222061157227,
      "y": -15.733978271484375,
      "z": 0,
      "constraint": {"type": "none"},
      "radius": 1
    },
    {
      "green": 222,
      "q_w": 1,
      "q_y": 0,
      "q_x": 0,
      "q_z": 0,
      "reference": "J14",
      "red": 215,
      "blue": 166,
      "name": "J15",
      "x": -5.215349197387695,
      "y": -33.415122985839844,
      "z": -0,
      "constraint": {"type": "none"},
      "radius": 1
    },
    {
      "green": 39,
      "q_w": 1,
      "q_y": 0,
      "q_x": 0,
      "q_z": 0,
      "reference": "J1",
      "red": 87,
      "blue": 26,
      "name": "J16",
      "x": -0.6506932973861694,
      "y": 11.96885871887207,
      "z": 5.2851104736328125,
      "constraint": {"type": "none"},
      "radius": 1
    },
    {
      "green": 58,
      "q_w": 1,
      "q_y": 0,
      "q_x": 0,
      "q_z": 0,
      "reference": "J16",
      "red": 153,
      "blue": 252,
      "name": "J17",
      "x": 0.013220217078924179,
      "y": 3.040583848953247,
      "z": 5.730890274047852,
      "constraint": {"type": "none"},
      "radius": 1
    },
    {
      "green": 221,
      "q_w": 1,
      "q_y": 0,
      "q_x": 0,
      "q_z": 0,
      "reference": "J0",
      "red": 195,
      "blue": 239,
      "name": "J2",
      "x": -9.913509368896484,
      "y": -3.325395345687866,
      "z": -0,
      "constraint": {"type": "none"},
      "radius": 1
    },
    {
      "green": 125,
      "q_w": 1,
      "q_y": 0,
      "q_x": 0,
      "q_z": 0,
      "reference": "J2",
      "red": 0,
      "blue": 233,
      "name": "J3",
      "x": -6.543732166290283,
      "y": -13.510504722595215,
      "z": 0,
      "constraint": {"type": "none"},
      "radius": 1
    },
    {
      "green": 149,
      "q_w": 1,
      "q_y": 0,
      "q_x": 0,
      "q_z": 0,
      "reference": "J3",
      "red": 7,
      "blue": 146,
      "name": "J4",
      "x": -1.1146034002304077,
      "y": -18.251630783081055,
      "z": -0,
      "constraint": {"type": "none"},
      "radius": 1
    },
    {
      "green": 41,
      "q_w": 1,
      "q_y": 0,
      "q_x": 0,
      "q_z": 0,
      "reference": "J0",
      "red": 86,
      "blue": 243,
      "name": "J5",
      "x": 10.423428535461426,
      "y": -2.9030768871307373,
      "z": 0,
      "constraint": {"type": "none"},
      "radius": 1
    },
    {
      "green": 139,
      "q_w": 1,
      "q_y": 0,
      "q_x": 0,
      "q_z": 0,
      "reference": "J5",
      "red": 244,
      "blue": 235,
      "name": "J6",
      "x": 6.269998073577881,
      "y": -13.096742630004883,
      "z": 0,
      "constraint": {"type": "none"},
      "radius": 1
    },
    {
      "green": 2,
      "q_w": 1,
      "q_y": 0,
      "q_x": 0,
      "q_z": 0,
      "reference": "J6",
      "red": 225,
      "blue": 144,
      "name": "J7",
      "x": 1.2629257440567017,
      "y": -16.8668212890625,
      "z": 0,
      "constraint": {"type": "none"},
      "radius": 1
    }
  ]
}