{
  "Targets": [],
  "Joints": [
    {
      "green": 89,
      "q_w": 1,
      "q_y": 0,
      "q_x": 0,
      "q_z": 0,
      "reference": "",
      "red": 164,
      "blue": 27,
      "name": "J0",
      "x": -5.835197925567627,
      "y": -0.4819875657558441,
      "z": 30.747304916381836,
      "constraint": {"type": "none"},
      "radius": 1
    },
    {
      "green": 59,
      "q_w": 1,
      "q_y": 0,
      "q_x": 0,
      "q_z": 0,
      "reference": "J0",
      "red": 167,
      "blue": 190,
      "name": "J1",
      "x": 5.385537624359131,
      "y": -7.091761589050293,
      "z": -3.0419507026672363,
      "constraint": {"type": "none"},
      "radius": 1
    },
    {
      "green": 246,
      "q_w": 1,
      "q_y": 0,
      "q_x": 0,
      "q_z": 0,
      "reference": "J1",
      "red": 185,
      "blue": 190,
      "name": "J5",
      "x": 0.05250748619437218,
      "y": 1.448225736618042,
      "z": -10.68649959564209,
      "constraint": {"type": "none"},
      "radius": 1
    },
    {
      "green": 147,
      "q_w": 1,
      "q_y": 0,
      "q_x": 0,
      "q_z": 0,
      "reference": "J5",
      "red": 190,
      "blue": 18,
      "name": "J6",
      "x": -0.027643341571092606,
      "y": 0.004982255399227142,
      "z": -14.947484970092773,
      "constraint": {"type": "none"},
      "radius": 1
    },
    {
      "green": 154,
      "q_w": 1,
      "q_y": 0,
      "q_x": 0,
      "q_z": 0,
      "reference": "J6",
      "red": 234,
      "blue": 74,
      "name": "J7",
      "x": 8.790708541870117,
      "y": -2.164790153503418,
      "z": -0.5014983415603638,
      "constraint": {"type": "none"},
      "radius": 1
    },
    {
      "green": 163,
      "q_w": 1,
      "q_y": 0,
      "q_x": 0,
      "q_z": 0,
      "reference": "J0",
      "red": 114,
      "blue": 170,
      "name": "J2",
      "x": 5.42276668548584,
      "y": 7.983351230621338,
      "z": -3.4743165969848633,
      "constraint": {"type": "none"},
      "radius": 1
    },
    {
      "green": 157,
      "q_w": 1,
      "q_y": 0,
      "q_x": 0,
      "q_z": 0,
      "reference": "J2",
      "red": 116,
      "blue": 144,
      "name": "J3",
      "x": -0.11864574253559113,
      "y": -1.0845061540603638,
      "z": -10.019678115844727,
      "constraint": {"type": "none"},
      "radius": 1
    },
    {
      "green": 246,
      "q_w": 1,
      "q_y": 0,
      "q_x": 0,
      "q_z": 0,
      "reference": "J3",
      "red": 227,
      "blue": 246,
      "name": "J4",
      "x": 0.12468831986188889,
      "y": -0.4869374930858612,
      "z": -15.791130065917969,
      "constraint": {"type": "none"},
      "radius": 1
    },
    {
      "green": 174,
      "q_w": 1,
      "q_y": 0,
      "q_x": 0,
      "q_z": 0,
      "reference": "J4",
      "red": 67,
      "blue": 238,
      "name": "J8",
      "x": 7.9377570152282715,
      "y": 1.8123699426651,
      "z": -0.2648249864578247,
      "constraint": {"type": "none"},
      "radius": 1
    },
    {
      "green": 24,
      "q_w": 1,
      "q_y": 0,
      "q_x": 0,
      "q_z": 0,
      "reference": "J0",
      "red": 155,
      "blue": 9,
      "name": "J9",
      "x": -10.034974098205566,
      "y": -0.024344632402062416,
      "z": -8.61380386352539,
      "constraint": {"type": "none"},
      "radius": 1
    },
    {
      "green": 145,
      "q_w": 1,
      "q_y": 0,
      "q_x": 0,
      "q_z": 0,
      "reference": "J9",
      "red": 237,
      "blue": 102,
      "name": "J10",
      "x": -1.4464613199234009,
      "y": -0.0035083608236163855,
      "z": -8.437735557556152,
      "constraint": {"type": "none"},
      "radius": 1
    },
    {
      "green": 150,
      "q_w": 1,
      "q_y": 0,
      "q_x": 0,
      "q_z": 0,
      "reference": "J10",
      "red": 69,
      "blue": 134,
      "name": "J11",
      "x": -6.147477149963379,
      "y": -0.014913329854607582,
      "z": -8.437739372253418,
      "constraint": {"type": "none"},
      "radius": 1
    },
    {
      "green": 168,
      "q_w": 1,
      "q_y": 0,
      "q_x": 0,
      "q_z": 0,
      "reference": "J11",
      "red": 48,
      "blue": 110,
      "name": "J12",
      "x": -12.415494918823242,
      "y": -0.03012065961956978,
      "z": -1.325931191444397,
      "constraint": {"type": "none"},
      "radius": 1
    },
    {
      "green": 77,
      "q_w": 1,
      "q_y": 0,
      "q_x": 0,
      "q_z": 0,
      "reference": "J12",
      "red": 12,
      "blue": 147,
      "name": "J13",
      "x": -12.053885459899902,
      "y": -0.02924346923828125,
      "z": -0.3616181015968323,
      "constraint": {"type": "none"},
      "radius": 1
    },
    {
      "green": 69,
      "q_w": 1,
      "q_y": 0,
      "q_x": 0,
      "q_z": 0,
      "reference": "J13",
      "red": 154,
      "blue": 205,
      "name": "J14",
      "x": -9.884187698364258,
      "y": -0.023979581892490387,
      "z": -0.9643136858940125,
      "constraint": {"type": "none"},
      "radius": 1
    },
    {
      "green": 26,
      "q_w": 1,
      "q_y": 0,
      "q_x": 0,
      "q_z": 0,
      "reference": "J14",
      "red": 132,
      "blue": 133,
      "name": "J15",
      "x": -8.196630477905273,
      "y": -0.01988549344241619,
      "z": -0.6026961803436279,
      "constraint": {"type": "none"},
      "radius": 1
    },
    {
      "green": 33,
      "q_w": 1,
      "q_y": 0,
      "q_x": 0,
      "q_z": 0,
      "reference": "J0",
      "red": 77,
      "blue": 94,
      "name": "J16",
      "x": 11.059311866760254,
      "y": 0.026829872280359268,
      "z": 7.297363758087158,
      "constraint": {"type": "none"},
      "radius": 1
    },
    {
      "green": 47,
      "q_w": 1,
      "q_y": 0,
      "q_x": 0,
      "q_z": 0,
      "reference": "J16",
      "red": 11,
      "blue": 212,
      "name": "J17",
      "x": 6.871201038360596,
      "y": 0.05957421287894249,
      "z": 5.930795669555664,
      "constraint": {"type": "none"},
      "radius": 1
    },
    {
      "green": 242,
      "q_w": 1,
      "q_y": 0,
      "q_x": 0,
      "q_z": 0,
      "reference": "J17",
      "red": 41,
      "blue": 182,
      "name": "J18",
      "x": 5.544591903686523,
      "y": 0.04807230830192566,
      "z": 6.750191688537598,
      "constraint": {"type": "none"},
      "radius": 1
    },
    {
      "green": 146,
      "q_w": 1,
      "q_y": 0,
      "q_x": 0,
      "q_z": 0,
      "reference": "J18",
      "red": 63,
      "blue": 167,
      "name": "J19",
      "x": 3.124922513961792,
      "y": 0.017974792048335075,
      "z": 7.705471515655518,
      "constraint": {"type": "none"},
      "radius": 1
    },
    {
      "green": 42,
      "q_w": 1,
      "q_y": 0,
      "q_x": 0,
      "q_z": 0,
      "reference": "J19",
      "red": 42,
      "blue": 101,
      "name": "J20",
      "x": 6.63361930847168,
      "y": 0.0575144961476326,
      "z": -4.933371067047119,
      "constraint": {"type": "none"},
      "radius": 1
    },
    {
      "green": 172,
      "q_w": 1,
      "q_y": 0,
      "q_x": 0,
      "q_z": 0,
      "reference": "J17",
      "red": 92,
      "blue": 135,
      "name": "J21",
      "x": 2.0520548820495605,
      "y": 6.105428218841553,
      "z": 0.024418627843260765,
      "constraint": {"type": "none"},
      "radius": 1
    },
    {
      "green": 238,
      "q_w": 1,
      "q_y": 0,
      "q_x": 0,
      "q_z": 0,
      "reference": "J21",
      "red": 110,
      "blue": 49,
      "name": "J23",
      "x": 8.298717375510023E-7,
      "y": 1.808172345161438,
      "z": -6.14780330657959,
      "constraint": {"type": "none"},
      "radius": 1
    },
    {
      "green": 5,
      "q_w": 1,
      "q_y": 0,
      "q_x": 0,
      "q_z": 0,
      "reference": "J23",
      "red": 170,
      "blue": 225,
      "name": "J24",
      "x": 3.3749821186065674,
      "y": -1.220428466796875,
      "z": -10.978367805480957,
      "constraint": {"type": "none"},
      "radius": 1
    },
    {
      "green": 85,
      "q_w": 1,
      "q_y": 0,
      "q_x": 0,
      "q_z": 0,
      "reference": "J17",
      "red": 134,
      "blue": 109,
      "name": "J22",
      "x": 1.9303616285324097,
      "y": -5.3416547775268555,
      "z": 0.06899242848157883,
      "constraint": {"type": "none"},
      "radius": 1
    },
    {
      "green": 173,
      "q_w": 1,
      "q_y": 0,
      "q_x": 0,
      "q_z": 0,
      "reference": "J22",
      "red": 133,
      "blue": 168,
      "name": "J25",
      "x": 0.13382749259471893,
      "y": -0.8428546190261841,
      "z": -6.8928303718566895,
      "constraint": {"type": "none"},
      "radius": 1
    },
    {
      "green": 201,
      "q_w": 1,
      "q_y": 0,
      "q_x": 0,
      "q_z": 0,
      "reference": "J25",
      "red": 112,
      "blue": 71,
      "name": "J26",
      "x": 3.3746085166931152,
      "y": 0.8342726826667786,
      "z": -10.123337745666504,
      "constraint": {"type": "none"},
      "radius": 1
    }
  ]
}